epoch,train_loss,lr,mae_ac,rmse_ac,mae_b
1,0.9061892065134916,0.00029998155655600826,31.89650890873928,34.51673635118793,36.38724373212827
2,0.449304380200126,0.0002999262307746769,28.77138903250102,32.480102278403045,25.69678173189849
3,0.4328357609835538,0.00029983403630681456,21.85626370299096,27.32167637282315,18.375427046632456
4,0.4393603417006406,0.00029970499590002665,16.67324878966886,23.416306662525574,11.50661463519327
5,0.3961505819450725,0.00029953914139310266,13.168532627080781,20.260653021077133,8.890588847640293
6,0.4391821113499728,0.00029933651370816046,9.802019156661688,16.311290458547433,5.69654095718284
7,0.42719989581541584,0.0002990971628405494,7.855314466688368,13.816677275597437,4.910952973209954
8,0.39481024958870625,0.00029882114784651444,6.996744791666667,12.579653756861287,3.709445105658637
9,0.3912089079618454,0.00029850853682862534,6.304064183453329,11.600234723677085,3.395472994037703
10,0.40263126194477084,0.0002981594069189731,5.469018823960248,9.897042564308567,3.0315389944836983
11,0.39018789692358535,0.0002977738442601387,5.107456132477405,9.212145911886061,2.90715537975037
12,0.3851895966313102,0.000297351943983939,4.207407683328865,6.7629692647499375,2.3595529693404056
13,0.3927795962853865,0.000296893810187954,3.864504745583129,6.202227940108136,2.2653345095565895
14,0.3883287716995586,0.00029639955590984277,4.534674451242085,7.547752254948033,2.559727550332063
15,0.3737558717077429,0.0002958693030994527,4.106545117945453,6.233202557243404,2.377830418106777
16,0.3819965955885974,0.0002953031825887304,3.8759061027975643,5.814940619324975,2.2951921076556436
17,0.37893376458774913,0.0002947013340594409,3.9255092845243564,5.721748588553661,2.357729506648444
18,0.38530796603723005,0.00029406390600870307,4.276736365424262,6.407149625976973,2.3955938177171094
19,0.3657422033223239,0.0002933910557123504,3.981543621985741,6.157874773475257,2.420555214476741
20,0.3793336898088455,0.00029268294918612553,4.260541429706648,6.139036493887853,2.5122401044259663
21,0.3880648688836531,0.00029193976114471807,4.169903873618132,6.165031875443747,2.4338552437576593
22,0.3620033063671806,0.00029116167495865674,4.101165596955742,6.064139054169981,2.4285432404162837
23,0.36536891148848966,0.0002903488826090652,4.330047432893242,6.217384957591097,2.469769646139706
24,0.3763058304786682,0.0002895015846402936,3.9680506139019736,5.7085857321908,2.3969441208184934
25,0.3548906217921864,0.00028861999011043737,3.9842434802086526,5.714031157535918,2.4278159422032974
26,0.357114916768941,0.00028770431653975514,4.279827666438483,6.223458486958561,2.489090040618298
27,0.3315945243293589,0.00028675478985699905,3.969364814508974,5.579853566578723,2.4174815408544603
28,0.368948338248513,0.00028577164434366993,4.2659414453444136,6.035549018725087,2.6196091845144633
29,0.3444479140368375,0.000284755122576212,4.1441996206645095,5.771546761565901,2.527514501334795
30,0.3456153100187128,0.00028370547536616097,4.170315437067568,5.797838648063894,2.5693354637794243
31,0.32994994954629375,0.00028262296169825966,3.771578994451785,5.180641168127825,2.463645461338018
32,0.35309540114619514,0.00028150784866655756,3.862515343560113,5.414481286898796,2.4977586908278124
33,0.35632824247533623,0.0002803604114085096,3.980635050854652,5.5827753437373095,2.5043189603518816
34,0.3407178393819115,0.00027918093303708956,3.9352892458049302,5.6516085862790035,2.5806324279386232
35,0.3726086770946329,0.0002779697045709368,4.110351437836691,5.670353553547824,2.588713116115994
36,0.35742384737188165,0.00027672702486255125,3.960869084775837,5.576420211427683,2.6100294449750114
37,0.341445256634192,0.0002754532005245564,3.887501161862043,5.358331493698082,2.553259531656901
38,0.33465176251801576,0.00027414854585404696,3.9856169956182343,5.565662377913212,2.6460608314065373
39,0.3198031013662165,0.000272813382755041,3.9193233913845487,5.5177406333615036,2.6449850743113
40,0.3099224941297011,0.00027144804065905466,3.976790559058096,5.373162201978522,2.701681723002515
41,0.3261930368163369,0.00027005285644382006,4.076113756965189,5.853792215442831,2.675552305832408
42,0.3284734265370802,0.0002686281743501657,4.3196870143117465,6.340836582966718,3.0338965272591785
43,0.3335994259877638,0.0002671743458970803,3.9378424251780793,5.738018538389187,2.6543119717267603
44,0.3239294258030978,0.0002656917297949805,4.120930391199448,5.848259933417188,2.7785518122654334
45,0.31760825162584133,0.00026418069185720465,4.1714286305545984,5.976874546311992,2.882043589174358
46,0.32368524264205584,0.0002626416049097537,4.163014605154399,5.846292226543143,2.755439222248551
47,0.31981643519618297,0.0002610748486993021,4.144694509069904,5.9282255665014585,2.7964793061898425
48,0.317714594846422,0.000259480809799501,4.049054388906441,5.776115747087775,2.7951301250582428
49,0.30126944360407915,0.00025785988151559667,3.8028394163044448,5.449745332116113,2.681822010115081
50,0.30112441967834125,0.0002562124637873888,4.074432472777523,6.035893729926687,2.877423255272161
51,0.3037651112133806,0.0002545389630905509,3.92510238348269,5.3832180355658155,2.8267109690148846
52,0.29375597062436015,0.0002528397923363389,3.7667263754053053,5.269627175076045,2.7608398986018563
53,0.3067441861737858,0.000251115370769711,4.110992730832567,6.0278696781794725,2.889142366795758
54,0.3032657390291041,0.0002493661238658858,3.9775171466902193,5.481009597516251,2.8136017119962404
55,0.3029103861613707,0.0002475924832253623,3.741508109896791,5.13186656919775,2.8148724300409453
56,0.30465472692793066,0.000245794886467429,3.8694277495340583,5.410812487113712,2.7289751464245366
57,0.29674013378945263,0.0002439737771221878,3.8860023598265805,5.49867454691363,2.848093369427849
58,0.29829577830704773,0.00024212960452111987,3.849044725006702,5.272299978681628,2.9166741838642194
59,0.2961520959030498,0.00024026282368621956,3.975605185514961,5.597452951125021,2.8174871307572507
60,0.31108577441085467,0.00023837389521772463,3.794569177565232,5.234152627489173,2.726591322157118
61,0.29795169017531653,0.00023646328518047002,3.7739597146028006,5.4434918540484105,2.7178576226327933
62,0.2900040130723606,0.00023453146498889343,3.6227453393873827,4.876682354966235,2.68735829521628
63,0.2885963889685544,0.00023257891129072056,3.8713786305944904,5.50677681089816,2.8048058553458817
64,0.29270647168159486,0.00023060610584935983,3.747082529504315,5.212850312289027,2.8130451277190565
65,0.28097449324347756,0.00022861353542503419,3.5532674353107128,4.802560209929008,2.731328689974118
66,0.2956829092719338,0.00022660169165468036,3.5004115883820974,4.678799988231371,2.668283175798803
67,0.28669822053475813,0.00022457107093064478,3.640635446785322,5.076486752224704,2.7015051872901665
68,0.2634787635369734,0.00022252217427820627,3.5945516349443425,4.774517046572767,2.703109616547628
69,0.2675307631492615,0.0002204555072319556,3.538455265020233,4.701967595080233,2.5732456157410066
70,0.26209998510100624,0.0002183715797110621,3.663168115553513,4.919843910433595,2.7097711376115385
71,0.2801985636353493,0.00021627090589345917,3.436607335907182,4.553603560611115,2.5944376428142872
72,0.2550746596672318,0.00021415400408897824,3.6241996864867367,4.89946373443202,2.825984119589812
73,0.25212408277121456,0.00021202139661146365,3.650917651606541,5.294003541779151,2.8574255401012945
74,0.2441044734282927,0.00020987360964989956,3.545374402812883,4.6762335030321145,2.6786133635277842
75,0.2639679578217593,0.0002077111731385808,3.601181853051279,4.876133790274385,2.7141361361235576
76,0.2693724429065531,0.00020553462062635925,3.468972249747881,4.709540568970714,2.670545939526527
77,0.2597617515108802,0.0002033444891449988,3.571977652755438,5.0241185133443045,2.6275809543584687
78,0.2670437281781977,0.00020114131907667096,3.509658713745915,4.860530132264126,2.678762984431647
79,0.2566372779282657,0.00019892565402062322,3.487430447846456,4.773268453069545,2.622571109946257
80,0.254258764331991,0.00019669804065905453,3.4012190376231874,4.579786438484354,2.5449892056533714
81,0.2571071364662864,0.00019445902862222933,3.4705390431522543,4.617660016166796,2.5670312495013468
82,0.2550358696417375,0.00019220917035286467,3.4394615771723727,4.652578357460138,2.7237596449509165
83,0.2603751891038635,0.0001899490209698231,3.3831248813205295,4.659649089803652,2.6480316585964627
84,0.24437955048951235,0.00018767913813114563,3.4592707266215403,4.648262233575891,2.7379748774509802
85,0.24714332873171027,0.00018540008189645775,3.406446793500115,4.593799118777375,2.523132947535297
86,0.23357987058433619,0.00018311241458878301,3.5531339458390776,4.7535396440327204,2.584858950446634
87,0.24538939595222473,0.00018081670065579853,3.493027232051675,4.7271837075909175,2.6716994740604574
88,0.24045973569154738,0.00017851350653056575,3.3355674244999105,4.465613568633831,2.5483577828002133
89,0.24863491546023975,0.0001762034004917716,3.441146975249247,4.573189248981849,2.593562381719452
90,0.24596800655126572,0.0001738869525235144,3.389342164681628,4.590742561226327,2.5273375043682025
91,0.2517971011725339,0.00017156473417466851,3.5011676464205475,4.715639967953647,2.6854409236533967
92,0.25098073333501814,0.0001692373184178634,3.487291897044462,4.76258555378262,2.585591883441202
93,0.2392640765417706,0.00016690527950811117,3.5126227833866293,4.85981581127408,2.6186597861495673
94,0.2618612989783287,0.0001645691928411178,3.434583726272084,4.75101784691375,2.552737404318417
95,0.2424780311909589,0.00016222963481131274,3.4095249799341936,4.606318082429868,2.5669141532548894
96,0.22375958887013522,0.00015988718266963226,3.3444860371109706,4.486021783673053,2.573497971678092
97,0.23418621122837066,0.00015754241438109147,3.4051263597276478,4.657291205411842,2.523170171999464
98,0.22665524902668865,0.0001551959084821801,3.373230154997383,4.69127035526745,2.5793858696432674
99,0.22787766923958605,0.0001528482439381171,3.3824712715896905,4.545885279120024,2.5147272247114993
100,0.20821024829691107,0.0001504999999999999,3.3762191572999645,4.561254393643174,2.505158368278952
101,0.22373996769840068,0.00014815175606188274,3.2894364649953407,4.434335066853673,2.4365022322710823
102,0.21831521540880203,0.00014580409151781972,3.23433600531684,4.3680348635376784,2.4652440064872794
103,0.2004928017204458,0.00014345758561890834,3.3301381129844514,4.418186830765187,2.534595003315047
104,0.24582531587644058,0.00014111281733036757,3.4620876935572404,4.691393516347078,2.62562718110926
105,0.21572121435945685,0.00013877036518868713,3.492575227824691,4.753634369105112,2.5720121969584544
106,0.20730328688567334,0.00013643080715888204,3.3021798726000817,4.469975333361258,2.4600552078945186
107,0.22142893665216185,0.00013409472049188866,3.417991264193666,4.608796409634925,2.5085080090691063
108,0.2217323207042434,0.00013176268158213646,3.362039428910399,4.585794989316525,2.5939081728068833
109,0.2079117857597091,0.00012943526582533138,3.2891292946011412,4.417112248249832,2.5480078279582505
110,0.21978746909986843,0.00012711304747648543,3.3858609667011335,4.569087882252237,2.493258208231209
111,0.22580010755495591,0.0001247965995082282,3.347761789957682,4.551700515866061,2.508275698992162
112,0.19525290673429316,0.00012248649346943412,3.299976348876953,4.476182603752407,2.449329787609624
113,0.21803388487208974,0.00012018329934420135,3.3088642195159315,4.496978898091246,2.500377854490592
114,0.21185243183916266,0.00011788758541121688,3.3726131464141647,4.530715566279607,2.554950327655069
115,0.21082528748295523,0.00011559991810354207,3.385981241861979,4.558882458261928,2.4867865743200763
116,0.22105394222519614,0.00011332086186885415,3.322247648550794,4.574149111416848,2.511394799924364
117,0.20641903227025812,0.0001110509790301767,3.354784622691036,4.447087058267812,2.4940943250469134
118,0.21627192294055766,0.00010879082964713518,3.258761661504608,4.356801358315619,2.384602527992398
119,0.21554007503119382,0.00010654097137777052,3.2848702225030637,4.418562481865327,2.402784459731158
120,0.20125672207637266,0.00010430195934094535,3.3449269961687476,4.535249829883097,2.4824148689220156
121,0.18607825582677667,0.0001020743459793766,3.2491538103889015,4.401908630318015,2.4274925905115463
122,0.2126292030919682,9.985868092332889e-05,3.307364844029246,4.455781250590893,2.440434150446474
123,0.21075592149387706,9.765551085500103e-05,3.3437486287035973,4.486825122020709,2.443717520221386
124,0.1843950401652943,9.546537937364062e-05,3.2069605659036076,4.354649836277201,2.4347750345865884
125,0.19963989461010154,9.328882686141906e-05,3.23266267464831,4.352578558252838,2.413119222603592
126,0.19062723839147525,9.112639035010023e-05,3.2533733143525967,4.4104438888943625,2.508979211445727
127,0.19213504547422583,8.89786033885362e-05,3.294797884872536,4.539403915460585,2.487991644666086
128,0.17790037894790822,8.68459959110216e-05,3.1565150341956443,4.202108469772033,2.364899791144078
129,0.19970488399267197,8.472909410654064e-05,3.317912581699346,4.616204622923254,2.477223452399759
130,0.19862194061279298,8.262842028893772e-05,3.2944179360383474,4.411775692861668,2.4675735523498137
131,0.19181525057012386,8.054449276804427e-05,3.2453758638668684,4.39825372251429,2.4272369683957566
132,0.17880347628485072,7.847782572179351e-05,3.249074599322151,4.445059033204927,2.507047453736947
133,0.18092849999666213,7.642892906935503e-05,3.338811188741447,4.503436713358134,2.479724210851333
134,0.19395553970878773,7.439830834531945e-05,3.312531415153952,4.518336042627577,2.493890064214569
135,0.1929080610925501,7.238646457496562e-05,3.2906779619603377,4.403452477843779,2.423036874509325
136,0.17481090555136855,7.039389415063994e-05,3.294386645547705,4.402633858752922,2.470133438609005
137,0.18035961633378808,6.842108870927925e-05,3.279683356191598,4.33474555385202,2.4524012297586677
138,0.18203235485336997,6.646853501110642e-05,3.200787263758042,4.329179709227201,2.461953356375102
139,0.18247392326593398,6.453671481952981e-05,3.252801059897429,4.39203467118968,2.4530734392552596
140,0.18865112608129328,6.262610478227524e-05,3.27406321008221,4.392963364094783,2.463586545458027
141,0.17985375523567199,6.073717631378031e-05,3.3098670859742008,4.541915993761273,2.507832146937551
142,0.1793458262627775,5.8870395478879954e-05,3.2976866828070746,4.429813656241357,2.4284030565249375
143,0.18325949595733124,5.702622287781203e-05,3.202845255533854,4.337202844455113,2.3970435398076875
144,0.1859453855590387,5.520511353257084e-05,3.204421199225133,4.31502003820034,2.397470898098416
145,0.17237088192592967,5.340751677463752e-05,3.3243285534428617,4.506862397184071,2.5018290974735433
146,0.2001029747453603,5.163387613411403e-05,3.2626340030844694,4.449283798773625,2.4391124201755896
147,0.17195797183296896,4.988462923028883e-05,3.199239867964601,4.289591550627075,2.3616596047395193
148,0.15813508331775666,4.816020766366099e-05,3.1806910645728017,4.291025662512506,2.365205901900148
149,0.19103214253078807,4.646103690944897e-05,3.229624505136527,4.352023409515392,2.431595646477992
150,0.18634082051840695,4.4787536212611114e-05,3.232403674156837,4.35564236909958,2.4142790526346443
151,0.17786259028044613,4.314011848440325e-05,3.239375768923292,4.421345514854772,2.3885459899902344
152,0.16895517300475726,4.1519190200498966e-05,3.188426397984324,4.292752288201709,2.447201710121304
153,0.17989983748305927,3.99251513006978e-05,3.1481887468325547,4.237620885706242,2.3994100109424465
154,0.16974652355367487,3.835839509024626e-05,3.205655764910131,4.360137227247959,2.3449415443769466
155,0.17320859378034417,3.6819308142795345e-05,3.2151103798860037,4.342474488777213,2.4187295951095282
156,0.15602819648655977,3.5308270205019493e-05,3.282642165040658,4.49758837646443,2.499533098507551
157,0.17943543277003549,3.38256541029197e-05,3.256027670467601,4.370681777237777,2.4544162002264285
158,0.1651598387821154,3.2371825649834254e-05,3.255994011374081,4.40083498497679,2.464392942540786
159,0.1817741382528435,3.094714355617993e-05,3.1771439695669934,4.286558284816132,2.4012770559273515
160,0.1711502761326053,2.9551959340945346e-05,3.2844061259350745,4.37060214134838,2.410334082210765
161,0.16940444660457699,2.8186617244958993e-05,3.1964967266406887,4.308653595929605,2.4374272963579964
162,0.16207323121753606,2.6851454145953e-05,3.1631282232945264,4.267755047974263,2.406697828006121
163,0.15793874873356387,2.5546799475443606e-05,3.2312916774375764,4.370993883455013,2.3820331673216977
164,0.1726259635253386,2.427297513744876e-05,3.2326893276638455,4.342811517889618,2.4231785044950596
165,0.16441529162905433,2.3030295429063233e-05,3.3102904425726996,4.542145809639743,2.4668562895332284
166,0.16410896112634377,2.181906696291039e-05,3.2153950610191995,4.289124955272864,2.412786159640044
167,0.16860881650989706,2.0639588591490383e-05,3.2786168366475823,4.491975998058098,2.45768874922609
168,0.16019834740595384,1.949215133344238e-05,3.273787230448006,4.434143780575315,2.447268454857122
169,0.15853983814066105,1.8377038301740313e-05,3.1908956290849675,4.295043285074871,2.3368452608195787
170,0.17972490713000297,1.7294524633839004e-05,3.224585090587342,4.339972540839576,2.449709998236762
171,0.16749756688421422,1.6244877423787966e-05,3.215228485905267,4.296392621839125,2.402852438633738
172,0.1679650531573729,1.5228355656330094e-05,3.1454399457943985,4.247728760931998,2.42586939942603
173,0.17731529514897953,1.4245210143000952e-05,3.21941804574206,4.371265448044089,2.4606513603060853
174,0.17044066095894034,1.3295683460244843e-05,3.1410584543265547,4.215586687643406,2.388177360584533
175,0.15972613434899938,1.2380009889562656e-05,3.2126916374256407,4.33614743601688,2.4639133627897776
176,0.17051123719323766,1.1498415359706415e-05,3.2453745673684513,4.39810811223478,2.4072194940903606
177,0.17265643470666625,1.065111739093482e-05,3.1565326865202463,4.2395286286374345,2.3530906103794873
178,0.1557387262582779,9.838325041343287e-06,3.205567752613741,4.332419355158024,2.3506937213972505
179,0.15520223507826977,9.060238855281971e-06,3.1879692825616575,4.284222496308498,2.4441871892393023
180,0.1664994021708315,8.31705081387454e-06,3.179470710505068,4.312463194897912,2.458428538702672
181,0.15023949132724243,7.608944287649641e-06,3.213033065297245,4.3185974763265245,2.3820942024779477
182,0.15597736713561144,6.9360939912970226e-06,3.1818859374601076,4.2801386496010885,2.4470431009928384
183,0.16536310179667038,6.298665940559199e-06,3.268722284853069,4.471087086405476,2.517715479034224
184,0.15341625023971905,5.6968174112696665e-06,3.2061300340041616,4.312916755683712,2.435027939042235
185,0.1692810789427974,5.130696900547351e-06,3.257702945883757,4.476045806250211,2.517134784873015
186,0.1555769301273606,4.600444090157272e-06,3.261317533605239,4.387026305338285,2.4272688822029465
187,0.15842791253870184,4.106189812046001e-06,3.2448003183003347,4.406246774667242,2.435863021152471
188,0.15912555144591764,3.648056016061034e-06,3.178398655910118,4.275997364164262,2.3958937451730367
189,0.16819655021483249,3.226155739861305e-06,3.2397882798138786,4.375552626754673,2.3421164119944855
190,0.17215970456600188,2.840593081026919e-06,3.1608725155101105,4.2708941170277015,2.393614600686466
191,0.15997949466109276,2.4914631713746474e-06,3.219193901111877,4.341563583539431,2.4359011681251275
192,0.17031773003664882,2.1788521534855735e-06,3.2036235036413654,4.294642542459627,2.4229124979256027
193,0.1623758998784152,1.90283715945065e-06,3.2404259326411227,4.368886685291486,2.4480447332843456
194,0.16328170109878887,1.6634862918395403e-06,3.1889885048461117,4.310924285882228,2.42236341837964
195,0.16102034801786597,1.4608586068973692e-06,3.210526160944521,4.373541711990263,2.4971596836264616
196,0.16523218195546757,1.2950040999734018e-06,3.189976960225822,4.324708822595372,2.421277950012606
197,0.15639781416817145,1.1659636931854994e-06,3.1805677226945464,4.242366801262323,2.364237592111226
198,0.16762584474953737,1.0737692253231258e-06,3.160986158582899,4.2392548357883975,2.4222296421823937
199,0.14929488836364313,1.0184434439917422e-06,3.2248689738753575,4.406778124883528,2.4167533949309705
200,0.1513206611302766,1e-06,3.197455088297526,4.29839526730369,2.45526964524213
